{
  "single_batch": {
    "mse": 0.00042609128286130726,
    "total": 0.00042609128286130726
  },
  "k_ablation": {
    "4": 0.00015107115614227952,
    "8": 0.00018542811158113183,
    "16": 0.0004962987208273262,
    "24": 0.0003109900062554516,
    "32": 0.0008653306344058364
  },
  "timing": {
    "avg_batch_time_s": 0.4011102450022008,
    "points_per_batch": 65536,
    "points_per_second": 163386.50238076173
  },
  "alt_k_compare": {
    "default_k": 16,
    "default_loss": {
      "mse": 0.0006770461332052946,
      "total": 0.0006770461332052946
    },
    "alt_k": 32,
    "alt_loss": {
      "mse": 0.0015061107696965337,
      "total": 0.0015061107696965337
    }
  }
}