{
  "single_batch": {
    "total": 0.12286727130413055,
    "mse": 0.08243804425001144,
    "chamfer": 0.08164824545383453
  },
  "aggregate": {
    "total": 0.12286727130413055,
    "mse": 0.08243804425001144,
    "chamfer": 0.08164824545383453
  },
  "k_ablation": {
    "4": 0.06572768092155457,
    "8": 0.07591094300150872,
    "16": 0.14741064831614495,
    "24": 0.168927563726902,
    "32": 0.16788077130913734
  },
  "timing": {
    "avg_batch_time_s": 0.07478881999995793,
    "points_per_batch": 13500,
    "points_per_second": 180508.2631335485
  },
  "alt_k_compare": {
    "default_k": 16,
    "default_loss": {
      "total": 0.05659708380699158,
      "mse": 0.038546834141016006,
      "chamfer": 0.03732366859912872
    },
    "alt_k": 32,
    "alt_loss": {
      "total": 0.05875216796994209,
      "mse": 0.03806068003177643,
      "chamfer": 0.03972182795405388
    }
  }
}