{
  "checkpoint": "runs\\so3_scale_run\\best.pt",
  "latent_dim": 8,
  "positive_shape_name": "torus_surface",
  "n_aug": 20,
  "rotation_mode": "so3",
  "scale_range": [
    0.8,
    1.2
  ],
  "k_neighbors": 16,
  "best_threshold": 0.9186448560920276,
  "best_metrics": {
    "f1": 0.9999999945,
    "thr": 0.9186448560920276,
    "precision": 0.9999999995,
    "recall": 0.9999999995
  }
}